Airport Express,AsiaWorld-Expo,Airport,Tsing Yi,Kowloon,Hong Kong
Disneyland Resort Line,Sunny Bay,Disneyland Resort
East Rail Line,Lo Wu,Sheung Shui,Fanling,Tai Wo,Tai Po Market,University,Fo Tan,Sha Tin,Tai Wai,Kowloon Tong,Mong Kok East,Hung Hom
Island Line,Kennedy Town,HKU,Sai Ying Pun,Sheung Wan,Central,Admiralty,Wan Chai,Causeway Bay,Tin Hau,Fortress Hill,North Point,Quarry Bay,Tai Koo,Sai Wan Ho,Shau Kei Wan,Heng Fa Chuen,Chai Wan
Kwun Tong Line,Whampoa,Ho Man Tin,Yau Ma Tei,Mong Kok,Prince Edward,Shek Kip Mei,Kowloon Tong,Lok Fu,Wong Tai Sin,Diamond Hill,Choi Hung,Kowloon Bay,Ngau Tau Kok,Kwun Tong,Lam Tin,Yau Tong,Tiu Keng Leng
Ma On Shan Line,Tai Wai,Che Kung Temple,Sha Tin Wai,City One,Shek Mun,Tai Shui Hang,Heng On,Ma On Shan,Wu Kai Sha
South Island Line,South Horizons,Lei Tung,Wong Chuk Hang,Ocean Park,Admiralty
Tseung Kwan O Line,North Point,Quarry Bay,Yau Tong,Tiu Keng Leng,Tseung Kwan O,Hang Hau,Po Lam
Tsuen Wan Line,Tsuen Wan,Tai Wo Hau,Kwai Hing,Kwai Fong,Lai King,Mei Foo,Lai Chi Kok,Cheung Sha Wan,Sham Shui Po,Prince Edward,Mong Kok,Yau Ma Tei,Jordan,Tsim Sha Tsui,Admiralty,Central,
Tung Chung Line,Tung Chung,Sunny Bay,Tsing Yi,Kowloon,Hong Kong
West Rail Line,Tuen Mun,Siu Hong,Tin Shui Wai,Long Ping,Yuen Long,Kam Sheung Road,Tsuen Wan West,Mei Foo,Nam Cheong,Austin,East Tsim Sha Tsui,Hung Hom
Walkable,Hong Kong,Central